{"cameraMode":{"drawMode":0,"name":"Shaded","section":"Shading Mode"},"sceneLighting":true,"audioPlay":false,"sceneViewState":{"showFog":true,"showMaterialUpdate":false,"showSkybox":true,"showFlares":true,"showImageEffects":true,"showParticleSystems":true},"in2DMode":false,"pivot":{"x":4.995073318481445,"y":-0.32135510444641116,"z":0.611565113067627},"rotation":{"x":0.7561444640159607,"y":-1.7798727469653387e-7,"z":-2.643120922130038e-7,"w":0.654408872127533},"size":8.529892921447754,"orthographic":true}